[
  {
    "img": "/assets/img/post_img_4.jpg",  
    "title": "We specialize in a wide range of car repairs including engine work",
    "desc": "The old engine oil is drained and replaced with fresh oil, and the oil filter"
  },
  {
    "img": "/assets/img/post_img_5.jpg",  
    "title": "The repair time varies depending on the service",
    "desc": "we offer a warranty on all parts and labor to ensure your peace of mind."
  },
  {
    "img": "/assets/img/post_img_6.jpg",  
    "title": "we offer emergency repair services to get you back",
    "desc": "You can get an estimate by visiting our shop, calling us, or filling out the online form"
  },
  {
    "img": "/assets/img/post_img_7.jpg",  
    "title": "Hire certified mechanics and provide ongoing training to keep",
    "desc": "Encourage satisfied customers to leave positive kinds reviews on platforms like Google and Yelp."
  },
  {
    "img": "/assets/img/post_img_8.jpg",  
    "title": "Invest in high-quality diagnostic lifts and other essential",
    "desc": "Share repair tips, showcase completed projects, and  Facebook, Instagram, and YouTube."
  },
  {
    "img": "/assets/img/post_img_9.jpg",  
    "title": "Encourage satisfied customers to leave positive review",
    "desc": "We ll provide an estimated time after diagnosis on the complexity of the issue."
  }  
]
