[
  {
    "img": "/assets/img/icons/car.svg",   
    "title": "Car Protection & Fitness",
    "desc": "Regular oil changes are essential for keeping the asd engine lubricated reducing."
  },
  {
    "img": "/assets/img/icons/engine.svg",   
    "title": "Expert Engine & Balancing",
    "desc": "The old engine oil is drained and replaced with fresh oil, and the oil filter is also replaced."
  },
  {
    "img": "/assets/img/icons/gear_icon_2.svg",   
    "title": "Wing shield & glass Repair",
    "desc": "The braking system is crucial for safety requiring car regular maintenance to ensure optimal"
  }   
]
