[
  {  
    "title": "What Services Do You Offer?",
    "desc": "We specialize in providing top-notch pool service and maintenance to ensure your pool remains asafe, clean, and inviting space for relaxation and recreation."
  },
  {
    "title": "Do You Have Certified Technicians?",
    "desc": "We specialize in providing top-notch pool service and maintenance to ensure your pool remains asafe, clean, and inviting space for relaxation and recreation."
  },
  {
     "title": "Can You Provide a Customized Service Plan?",
    "desc": "We specialize in providing top-notch pool service and maintenance to ensure your pool remains asafe, clean, and inviting space for relaxation and recreation."
  },
  {
    "title": "What is Your Pricing Structure?",
   "desc": "We specialize in providing top-notch pool service and maintenance to ensure your pool remains asafe, clean, and inviting space for relaxation and recreation."
 }  
]
