[
  {
    "img": "/assets/img/hero_bg_2.jpg",
    "title": "Precision Care for Every Car Fast Fixes Lasting Results",
    "desc": "Repair times vary depending on the service. We provide an estimated time after our initial diagnostic check Specific details can be provided",
    "btnName": "Read more",
    "btnUrl": "/about",
    "number": "(208) 555-0112"
  },
  {
    "img": "/assets/img/hero_bg_3.jpg",
    "title": "Precision Care for Every Car Fast Fixes Lasting Results",
    "desc": "Repair times vary depending on the service. We provide an estimated time after our initial diagnostic check Specific details can be provided",
    "btnName": "Read more",
    "btnUrl": "/about",
    "number": "(208) 555-0112"
  },
  {
    "img": "/assets/img/hero_bg_2.jpg",
    "title": "Precision Care for Every Car Fast Fixes Lasting Results",
    "desc": "Repair times vary depending on the service. We provide an estimated time after our initial diagnostic check Specific details can be provided",
    "btnName": "Read more",
    "btnUrl": "/about",
    "number": "(208) 555-0112"
  }  
]
