[
    {
      "img": "/assets/img/icon1.png",   
      "title": "Identify Issues",
      "desc": "setting for web iterate process before meta services impact"
    },
    {
      "img": "/assets/img/icon2.png",   
      "title": "Prepare Solution",
      "desc": "Getting for web iterate process before meta services impact"
    },
    {
      "img": "/assets/img/icon3.png",   
      "title": "Working On This",
      "desc": "Extensible for web iterate proce before meta services impact"
    },
    {
      "img": "/assets/img/icon4.png",   
      "title": "Deliver On Hand",
      "desc": "web iterate process before met services impact with olisti"
    }       
  ]
  