[
  {
    "img": "/assets/img/portfolio_img_5.jpg",   
    "title": "Projects Growing Services",
    "desc": "Car Projects / Growing"
  },
  {
    "img": "/assets/img/portfolio_img_7.jpg",   
    "title": "Projects Growing Services",
    "desc": "Car Projects / Growing"
  },
  {
    "img": "/assets/img/portfolio_img_8.jpg",   
    "title": "Projects Growing Services",
    "desc": "Car Projects / Growing"
  },
  {
    "img": "/assets/img/portfolio_img_6.jpg",   
    "title": "Projects Growing Services",
    "desc": "Car Projects / Growing"
  },
  {
    "img": "/assets/img/portfolio_img_9.jpg",   
    "title": "Projects Growing Services",
    "desc": "Car Projects / Growing"
  }          
]
