[
  {
    "img": "/assets/img/service_img_1.jpg",
    "icon": "/assets/img/icons/service_icon_1.svg",
    "title": "Brake Safe Inspection",
    "desc": "If your car struggles to start the lights dim when idling or the battery over three years old it may be time",   
    "btnText": "READ MORE",
    "btnLink": "/service/service-details"
  },
  {
    "img": "/assets/img/service_img_2.jpg",
    "icon": "/assets/img/icons/service_icon_2.svg",
    "title": "Engine Tune-Up Plus",
    "desc": "Proper insulation and ventilation are key  also offer Ice Guard services to prevent ice buildup and damage If your check battery",   
    "btnText": "READ MORE",
    "btnLink": "/service/service-details"
  },
  {
    "img": "/assets/img/service_img_3.jpg",
    "icon": "/assets/img/icons/service_icon_3.svg",
    "title": "Battery Boost Check",
    "desc": "If your check battery light comes on it's best to schedule a diagnostic service as soon as possible to identify address",   
    "btnText": "READ MORE",
    "btnLink": "/service/service-details"
  },
  {
    "img": "/assets/img/service_img_7.jpg",
    "icon": "/assets/img/icons/service_icon_6.svg",
    "title": "Brake Safe Inspection",
    "desc": "If your car struggles to start the lights dim when idling or the battery over three years old it may be time",   
    "btnText": "READ MORE",
    "btnLink": "/service/service-details"
  },
  {
    "img": "/assets/img/service_img_5.jpg",
    "icon": "/assets/img/icons/service_icon_4.svg",
    "title": "Engine Tune-Up Plus",
    "desc": "Proper insulation and ventilation are key  also offer Ice Guard services to prevent ice buildup and damage If your check battery",   
    "btnText": "READ MORE",
    "btnLink": "/service/service-details"
  },
  {
    "img": "/assets/img/service_img_6.jpg",
    "icon": "/assets/img/icons/service_icon_5.svg",
    "title": "Battery Boost Check",
    "desc": "If your check battery light comes on it's best to schedule a diagnostic service as soon as possible to identify address",   
    "btnText": "READ MORE",
    "btnLink": "/service/service-details"
  }  
]
