[
  {
    "img": "/assets/img/team_img_1.jpg",  
    "title": "Brooklyn Simmons",
    "desc": "Brake Repairer",
    "linkedin": "#",
    "twitter": "#",
    "facebook": "#",
    "youtube": "#"
  },
  {
    "img": "/assets/img/team_img_2.jpg",  
    "title": "Kathryn Murphy",
    "desc": "Truck Mechanic",
    "linkedin": "#",
    "twitter": "#",
    "facebook": "#",
    "youtube": "#"
  },
  {
    "img": "/assets/img/team_img_3.jpg",  
    "title": "Savannah Nguyen",
    "desc": "Trolley Engine",
    "linkedin": "#",
    "twitter": "#",
    "facebook": "#",
    "youtube": "#"
  },  
  {
    "img": "/assets/img/team_img_4.jpg",  
    "title": "Darlene Robertson",
    "desc": "Main Mechanic",
    "linkedin": "#",
    "twitter": "#",
    "facebook": "#",
    "youtube": "#"
  },
  {
    "img": "/assets/img/team_img_5.jpg",  
    "title": "Leslie Alexander",
    "desc": "Truck Mechanic",
    "linkedin": "#",
    "twitter": "#",
    "facebook": "#",
    "youtube": "#"
  },
  {
    "img": "/assets/img/team_img_6.jpg",  
    "title": "Savannah Nguyen",
    "desc": "Trolley Engine",
    "linkedin": "#",
    "twitter": "#",
    "facebook": "#",
    "youtube": "#"
  },  
  {
    "img": "/assets/img/team_img_7.jpg",  
    "title": "Kathryn Murphy",
    "desc": "Truck Mechanic",
    "linkedin": "#",
    "twitter": "#",
    "facebook": "#",
    "youtube": "#"
  },
  {
    "img": "/assets/img/team_img_8.jpg",  
    "title": "Esther Howard",
    "desc": "Trolley Engine",
    "linkedin": "#",
    "twitter": "#",
    "facebook": "#",
    "youtube": "#"
  } 
]
